LipidClass,Highest_TIC_Winner_SolventMatrix,Highest_TIC_Value,Average_TIC_Winner_SolventMatrix,Average_TIC_Value,Std_Dev,Std_Dev_Percent
Cer,21MeOHIPA,1211200,21MeOHIPA,1104506.6666666667,129658.48268946129,11.739040297580333
PC,21MeOHACN,319692640,21MeOHACN,195353266.66666666,107712809.84897819,55.13745006003391
PE,21MeOHACN,5884280,21MeOHACN,5320626.666666667,494117.9006404579,9.286836525029468
PS,21MeOHIPA,3606160,21MeOHIPA,3476133.3333333335,186892.76640184168,5.376455632748312
TG,21MeOHACN,501240,21MeOHACN,449440.0,53822.835302499625,11.975532952674357
