SolventMatrix,Normalized_Highest_TIC_%,Original_Highest_TIC,LipidClass
124CHCl3MeOHIPA,18.6669476673248,673160,PS
12CHCl3MeOH,0.31390731415134104,11320,PS
21MeOHACN,88.72817623178118,3199680,PS
21MeOHIPA,100.0,3606160,PS
532MeOHIPAACN,37.62118153381991,1356680,PS
