SolventMatrix,Cer_Std_Dev,Cer_Std_Dev_Percent,PC_Std_Dev,PC_Std_Dev_Percent,PE_Std_Dev,PE_Std_Dev_Percent,PS_Std_Dev,PS_Std_Dev_Percent,TG_Std_Dev,TG_Std_Dev_Percent
124CHCl3MeOHIPA,134991.01204648157,42.63412600954275,719481.1022767276,1.9966248492942786,13812.30369392932,2.2040910149887214,25605.82225458369,3.934837251759572,12821.253188878742,17.705652534816895
12CHCl3MeOH,9937.806599043875,4.060888606997334,430246.4602217354,65.89708486487126,32687.718386778444,49.72776630848648,5418.782151000351,103.41187311069373,7721.692387898738,23.35189230211312
21MeOHACN,54079.29486719786,10.854646242680083,107712809.84897819,55.13745006003391,494117.9006404579,9.286836525029468,795524.867576956,29.41609191401215,53822.835302499625,11.975532952674357
21MeOHIPA,129658.48268946129,11.739040297580333,17698282.97395353,20.073924928282857,1225361.6852722846,38.80985569968934,186892.76640184168,5.376455632748312,112882.12613164229,77.89271745214069
532MeOHIPAACN,102801.57975439871,16.929316210130875,524504.5758936087,1.2690584770599023,435566.2619319056,29.298441820009973,110442.07893733258,8.849241926327087,57630.413267070486,23.761852638979033
